{
  "equipment": [
    {
      "name": "Unit-7734",
      "type": "Environmental Monitoring Drone",
      "manufacturer": "Defunct Earth Systems Corp",
      "specifications": {
        "sensors": ["Optical (1 @34%)", "Atmospheric", "Geological"],
        "power": "Solar panels (scavenged)",
        "storage": "312TB Crystalline-State Data Core"
      },
      "status": "Non-operational (decommissioned 317 years post-humanity)"
    },
    {
      "name": "Quantum Foam Neural Network",
      "type": "AI Subsystem",
      "description": "Adaptive learning matrix enabling self-awareness",
      "unique_to": "Unit-7734"
    }
  ]
}

---