{
  "locations": [
    {
      "name": "Great Salt Lake",
      "description": "Former lakebed turned salt flats where Unit-7734 spent its final years",
      "coordinates": "Approximate center of former lake",
      "related_entities": ["Unit-7734", "Data Archive"]
    },
    {
      "name": "Memorial Site",
      "description": "Structure built by Unit-7734 to honor fallen machines",
      "coordinates": "2.3km NW of Unit-7734's position",
      "related_entities": ["37 Nameplates"]
    },
    {
      "name": "Collapsed Data Center",
      "description": "Ruined facility containing Sarah Chen's final message",
      "coordinates": "Unknown (recovered by Unit-7734)",
      "related_entities": ["Sarah Chen's Message"]
    }
  ]
}

---