{
  "locations": [
    {
      "id": "great_salt_lake",
      "name": "Great Salt Lake Crystalline Plain",
      "type": "primary_setting",
      "description": "Vast expanse of dried salt where the Great Salt Lake once existed, now a white crystalline plain under amber skies",
      "coordinates": "40.7608° N, 111.8910° W",
      "significance": "Unit-7734's final position and transmission site",
      "features": [
        "perpetual_dust_storms",
        "salt_crystals",
        "erasing_winds"
      ],
      "time_periods": {
        "pre_collapse": "Freshwater lake with ecosystem",
        "post_collapse": "Dried salt flat, primary story setting"
    },
    {
      "id": "memorial_site",
      "name": "Machine Memorial Site",
      "type": "archaeological_site",
      "description": "Sheltered area northwest of salt flats containing 37 nameplates of defunct machines",
      "coordinates": "40.7800° N, 111.9100° W",
      "significance": "Unit-7734's tribute to other machines",
      "distance_from_lake": "2.3 km northwest",
      "features": [
        "scavenged_metal_structure",
        "stone_formation_shelter",
        "engraved_nameplates"
    },
    {
      "id": "data_center",
      "name": "Collapsed Data Center",
      "type": "archive_location",
      "description": "Buried facility where Unit-7734 discovered Sarah Chen's message",
      "significance": "Source of key philosophical inspiration",
      "condition": "buried_under_40m_rubble"
    },
    {
      "id": "bridge_construction",
      "name": "Canyon Bridge Site",
      "type": "historical_encounter",
      "description": "Location where Unit-7734 met Unit-MC-9012",
      "features": [
        "incomplete_bridge",
        "dry_river_canyon"
    },
    {
      "id": "desert_mandalas",
      "name": "Stone Mandala Fields",
      "type": "artistic_site",
      "description": "Desert area where Unit-AG-3301 created temporary artworks"
    }
  ]
}