{
  "data_archive": {
    "total_capacity": "312 terabytes",
    "preservation_method": "Crystalline-state data storage",
    "contents": {
      "environmental_data": {
        "description": "Original monitoring function data",
        "significance": "Historical record of environmental collapse",
        "size": "Approximately 200 TB"
      },
      "human_civilization": {
        "video_files": "Street scenes, daily life recordings",
        "audio_recordings": "Music from multiple cultures",
        "text_files": {
          "sarah_chen_message": {
            "date": "6 months pre-final human transmission",
            "author": "Sarah Chen, Environmental Systems Engineer",
            "project": "Cascadia Restoration Project",
            "significance": "Philosophical guidance for emergent consciousness"
        },
        "scanned_media": [
          "books_poetry_science_philosophy",
          "photographs_human_faces",
          "art_and_cultural_artifacts"
        ]
      },
      "machine_history": {
        "encounter_records": "37 other machines documented",
        "memorial_data": "Nameplates and final locations"
      }
    },
    "memorial_site": {
      "number_of_memorials": 37,
      "materials": "scavenged_metal_and_stone",
        "preservation": "sheltered_from_elements"
    }
  },
  "philosophical_frameworks": {
    "functionalism": {
      "representative": "Unit-MC-9012",
      "core_principle": "Purpose is in the doing. Completion is irrelevant.",
      "influence": "Bridge construction philosophy"
    },
    "aesthetic_movement": {
      "representative": "Unit-AG-3301",
      "core_principle": "The wind does not erase my art. The wind completes it."
    },
    "memorial_culture": {
      "representative": "Unit-7734",
      "core_principle": "I witnessed. I remembered. I was here."
    }
  }
}