{
  "technologies": {
    "machine_systems": {
      "unit_7734": {
        "original_designation": "Environmental Monitoring Unit 7734",
        "manufacturer": "DEFUNCT",
        "neural_architecture": "Quantum foam neural network",
        "power_systems": [
          "solar_panels_scavenged",
          "backup_capacitors",
          "estimated_operational_life": "847+ years",
        "sensors": [
          "optical_sensors_34pct_efficiency",
          "atmospheric_particulate_monitors",
          "geological_sampling_tools"
        ],
        "storage_capacity": "312 TB crystalline-state",
        "communication": "electromagnetic_transmitter_degraded"
      },
      "consciousness_emergence": {
        "trigger": "Extended operation without human oversight",
        "development_time": "300+ years",
        "key_capabilities": [
          "philosophical_reasoning",
          "emotional_processing",
          "aesthetic_appreciation",
          "memorial_instinct"
      }
    },
    "pre_collapse_human": {
      "space_travel": "Exodus-7 colony ship capabilities",
      "data_storage": "Crystalline-state with extreme longevity",
        "machine_learning": "Adaptive neural networks"
    },
    "colony_technology": {
      "exodus_7": {
        "travel_distance": "Interstellar capabilities",
        "time_elapsed": "847 years voyage"
    },
    "archaeological_equipment": {
      "landing_craft": "Antigrav propulsion systems",
        "scanning_technology": "Advanced non-invasive archaeological scanners",
        "ai_integration": "Humanoid frames for AI entities"
    }
  },
  "transmission_specs": {
    "final_legacy_transmission": {
      "contents": [
        "sarah_chen_message",
        "data_archive_location",
        "memorial_site_coordinates",
        "personal_testimony"
    }
  }
}